purpose,n_loans,defaults,empirical_default_rate,mean_reading_ease,mean_reading_grade,mean_distress_keyword_density,mean_desc_distress_keyword_density,payload_distress_mention_rate,desc_distress_mention_rate,purpose_label_only_hit_rate,payload_distress_hits,purpose_label_distress_hits,title_distress_hits,description_distress_hits,purpose_label_share_of_payload_hits
car,1699,160,0.09417304296645085,62.74120053406987,6.588216902284603,0.000427034738295641,0.000558672496237265,0.02118893466745144,0.02118893466745144,0.0,43,0,2,41,0.0
credit_card,16029,1992,0.1242747520119783,61.19282470433549,6.925909884168093,0.0008420948854150754,0.0010983159908119582,0.04042672655811342,0.039990018092207875,0.0,767,0,14,753,0.0
debt_consolidation,48439,7841,0.16187369681455027,47.00281266162816,8.897051261156303,0.0014488038027697164,0.0019005754603467085,0.054893783934433,0.053737690703771754,0.0,3267,0,193,3074,0.0
educational,290,51,0.17586206896551723,51.61465953771349,8.88938294173009,0.0008929299110303731,0.0008314389332486682,0.05517241379310345,0.05172413793103448,0.0,21,0,3,18,0.0
home_improvement,5432,685,0.12610456553755522,50.676991492267184,8.259424652903185,0.0005219566939723031,0.0006691437416349385,0.02614138438880707,0.02577319587628866,0.0,162,0,5,157,0.0
house,720,110,0.1527777777777778,65.3013165360772,6.369178282357387,0.0006634731868701301,0.0007289982441714188,0.0375,0.0375,0.0,40,0,2,38,0.0
major_purchase,2659,277,0.10417450169236556,57.11138678621551,7.442660842730658,0.0011495934571854583,0.002111510780229833,0.036479879654005266,0.03610379842045882,0.0,112,0,4,108,0.0
medical,849,139,0.16372202591283863,46.039534227174684,8.938815456056663,0.09356624852260138,0.052476485349026485,1.0,0.5618374558303887,0.4381625441696113,1970,849,488,633,0.4309644670050761
moving,677,96,0.14180206794682423,58.207306002459376,7.583537800683223,0.000601352504656258,0.0009134236835491902,0.03249630723781388,0.0310192023633678,0.0,36,0,2,34,0.0
other,5313,953,0.17937135328439677,56.22050335486656,7.49325579864585,0.0040283198960963775,0.0058001539082549805,0.09373235460191982,0.08658008658008658,0.0,688,0,105,583,0.0
renewable_energy,117,24,0.20512820512820512,44.27525320364195,9.358166107588492,0.001451919417870595,0.0021566695023389165,0.042735042735042736,0.042735042735042736,0.0,7,0,0,7,0.0
small_business,2405,645,0.2681912681912682,51.822803834408205,8.657362165290417,0.0007885400432353962,0.001140434999762391,0.037422037422037424,0.03659043659043659,0.0,124,0,7,117,0.0
vacation,471,73,0.15498938428874734,49.43979451085101,8.325672428033766,0.0016357661323996968,0.0016702341927294056,0.04246284501061571,0.03821656050955414,0.0,28,0,6,22,0.0
wedding,1193,151,0.12657166806370496,62.51601859630417,6.87060591856543,0.00045000064685644367,0.0005334027037100362,0.02933780385582565,0.028499580888516344,0.0,48,0,1,47,0.0
