target,outcome,feature,count,mean,std,min,q25,median,q75,max
0,non_default,flesch_reading_ease,73096,51.825051471375275,26.163466706569757,-182.2761904761904,42.39084495502169,58.59807394366199,69.20446428571431,102.44877192982456
0,non_default,flesch_kincaid_grade,73096,8.227655790522212,3.257876463005631,0.5383579638752067,6.0809999999999995,7.587055482743558,9.510928420123566,39.26285714285714
0,non_default,lexical_diversity_ttr,73096,0.7867362088973437,0.11643228121069475,0.07051282051282051,0.7222222222222222,0.8,0.8666666666666667,1.0
0,non_default,sentiment_polarity,73096,0.10263723116592172,0.17162321303401665,-1.0,0.0,0.06666666666666667,0.19280113636363636,1.0
0,non_default,sentiment_subjectivity,73096,0.3544103662153188,0.23373167754808086,0.0,0.2,0.3944444444444445,0.5034130893736806,1.0
0,non_default,financial_distress_keyword_density,73096,0.0021951836937765543,0.015051862889788641,0.0,0.0,0.0,0.0,0.5
1,default,flesch_reading_ease,13197,50.77058481276919,27.131994336338387,-115.80999999999995,40.22679487179491,57.92572580645165,69.14500000000001,98.21000000000002
1,default,flesch_kincaid_grade,13197,8.34674177656015,3.391382761661654,1.3000000000000007,6.082184873949583,7.660000000000004,9.694444444444446,37.69413793103449
1,default,lexical_diversity_ttr,13197,0.7860866927204794,0.12065119382767323,0.14925373134328357,0.72,0.8,0.8695652173913043,1.0
1,default,sentiment_polarity,13197,0.09277429012428429,0.17229293640306692,-1.0,0.0,0.049999999999999996,0.18,1.0
1,default,sentiment_subjectivity,13197,0.3414419358369693,0.23737348084642546,0.0,0.125,0.376010101010101,0.5,1.0
1,default,financial_distress_keyword_density,13197,0.002666708603398177,0.015944491722730655,0.0,0.0,0.0,0.0,0.42857142857142855
