ngram,coefficient,direction,train_documents,train_document_percent,within_field_documents,volatility_ratio,peak_bucket,trough_bucket,low_document_frequency,within_field_ratio,cross_field_bigram,period_specific,artefact_flags,retained
bills,1.6155066546173262,higher_risk,10437,12.094839674133475,10867,1.697244398733553,2013,2007-2009,False,1.0411995784229184,False,False,0,True
business,1.6056783191754338,higher_risk,4438,5.1429432283035705,7474,4.49212406127393,2007-2009,2013,False,1.6840919333032898,False,False,0,True
need,1.2426810587392814,higher_risk,8467,9.811919854449377,8615,1.7401559594171105,2007-2009,2011,False,1.017479626786347,False,False,0,True
help,1.0680293338942537,higher_risk,10407,12.060074397691587,10757,1.2543183621718184,2012,2013,False,1.0336312097626597,False,False,0,True
purchase major,0.9822704971315526,higher_risk,492,0.5701505336469934,9,2.7626133047095296,2013,2007-2009,True,0.018292682926829267,True,False,2,False
loans credit,0.9016670021063038,higher_risk,471,0.5458148401376705,459,2.505825592515502,2013,2007-2009,True,0.9745222929936306,False,False,1,False
00,0.7990295144599694,higher_risk,1930,2.23656611776158,1931,4.497254755383057,2010,2013,False,1.0005181347150258,False,False,0,True
card credit,0.798318413596922,higher_risk,1957,2.2678548665592806,105,4.4721763784361945,2013,2010,False,0.05365355135411344,True,False,1,False
improvement home,0.7887994967117296,higher_risk,1892,2.192530100935186,36,5.0505399297041675,2013,2007-2009,False,0.019027484143763214,True,False,1,False
payment instead,0.7864445412116576,higher_risk,527,0.6107100228291982,527,4.347190582710357,2013,2007-2009,True,1.0,False,False,1,False
loans,0.729378524321266,higher_risk,4988,5.7803066297382175,5063,1.2743667824950409,2013,2007-2009,False,1.015036086607859,False,False,0,True
debts debt,0.7214112116751679,higher_risk,197,0.22829198196840994,33,3.7868795097014663,2013,2010,True,0.16751269035532995,True,False,2,False
food,0.7142384679257636,higher_risk,766,0.8876733918162539,774,6.663683868627736,2010,2013,True,1.010443864229765,False,False,1,False
debt payment,0.7009797139961322,higher_risk,807,0.9351859362868367,811,3.2206724139420126,2013,2007-2009,True,1.0049566294919454,False,False,1,False
small business,0.689789298539709,higher_risk,2608,3.02226136534829,3184,4.519768247888596,2007-2009,2013,False,1.2208588957055215,False,False,0,True
just payment,0.6844504272118368,higher_risk,350,0.40559489182204816,353,4.906770549234454,2013,2010,True,1.0085714285714287,False,False,1,False
mother,0.6817473596010902,higher_risk,449,0.5203203040802846,453,4.283796772689259,2010,2013,True,1.0089086859688197,False,False,1,False
debit consolidation,0.6809008139005033,higher_risk,192,0.22249776922809497,206,19.69475936583245,2013,2007-2009,True,1.0729166666666667,False,True,2,False
im,0.6726043297527924,higher_risk,607,0.7034174266742378,607,1.9767256786481306,2011,2007-2009,True,1.0,False,False,1,False
consolidation make,0.6677871216721267,higher_risk,94,0.1089311995179215,38,4.108504892717207,2013,2010,True,0.40425531914893614,False,False,1,False
consolidation higher,0.6517119038223388,higher_risk,94,0.1089311995179215,71,31.125037066039447,2013,2010,True,0.7553191489361702,False,True,2,False
wanna,0.6339861213395106,higher_risk,54,0.06257749759540171,54,9.123439796277777,2012,2007-2009,True,1.0,False,False,1,False
consolidation home,0.6333921971067112,higher_risk,406,0.47049007451357583,291,5.4610292306778305,2013,2010,True,0.7167487684729064,False,False,1,False
plus,0.6195442362549557,higher_risk,880,1.0197814422954352,883,1.8143139272566273,2010,2013,False,1.003409090909091,False,False,0,True
payment,0.6162412980421396,higher_risk,18825,21.815210967285875,19192,1.406201585122711,2012,2007-2009,False,1.019495351925631,False,False,0,True
lower monthly,0.612251498310025,higher_risk,1087,1.2596618497444751,1093,4.091536809429755,2013,2007-2009,False,1.0055197792088317,False,False,0,True
payday,0.6024100348576846,higher_risk,73,0.08459550600859861,78,2.9647298059132883,2012,2011,True,1.0684931506849316,False,False,1,False
expansion,0.5950637117560998,higher_risk,195,0.22597429687228396,213,5.88527581150224,2007-2009,2013,True,1.0923076923076922,False,False,1,False
thank,0.5916660205193215,higher_risk,9690,11.229184290730418,9714,1.847101227294321,2011,2013,False,1.0024767801857586,False,False,0,True
personal,0.5909927539595107,higher_risk,5297,6.138388977089683,5797,1.591345512510465,2007-2009,2013,False,1.0943930526713235,False,False,0,True
rate,-1.7672501684913793,lower_risk,12305,14.25955755391515,12736,1.5061352681956375,2013,2010,False,1.0350264120276311,False,False,0,True
pool,-1.1523179527034464,lower_risk,830,0.9618393148922856,1342,14.311070819463028,2013,2007-2009,True,1.616867469879518,False,True,2,False
college,-1.1094079281354918,lower_risk,2348,2.7209623028519117,2449,2.829405758308915,2007-2009,2013,False,1.043015332197615,False,False,0,True
motorcycle,-1.0236682476362413,lower_risk,586,0.6790817331649149,765,3.9480391902160856,2007-2009,2013,True,1.3054607508532423,False,False,1,False
apr,-0.9870464557421824,lower_risk,2163,2.5065764314602577,2240,1.1998084197966268,2010,2007-2009,False,1.035598705501618,False,False,0,True
rates,-0.9210981817429064,lower_risk,5418,6.2786089254053055,5479,1.430897642888578,2013,2011,False,1.0112587670727207,False,False,0,True
ring,-0.889270362565765,lower_risk,363,0.4206598449468671,506,3.9985256248735803,2007-2009,2013,True,1.393939393939394,False,False,1,False
excellent credit,-0.8263469951107093,lower_risk,1178,1.3651165216182077,1187,4.44518157798244,2011,2013,False,1.0076400679117148,False,False,0,True
ve,-0.8243010817059652,lower_risk,3328,3.856627999953646,3331,2.116576046095814,2011,2013,False,1.0009014423076923,False,False,0,True
salary,-0.8148745171856585,lower_risk,797,0.9235975108062068,799,13.092353886531548,2010,2013,True,1.002509410288582,False,True,2,False
late payment,-0.7442371390236387,lower_risk,1333,1.544737116567972,1334,3.3859781551038117,2011,2013,False,1.0007501875468867,False,False,0,True
engagement,-0.727246421131778,lower_risk,296,0.3430173942266464,398,4.296625053194629,2007-2009,2012,True,1.3445945945945945,False,False,1,False
engagement ring,-0.7194479660972339,lower_risk,264,0.3059344326886306,341,4.525500964018555,2007-2009,2012,True,1.2916666666666667,False,False,1,False
lower rate,-0.6984767314297429,lower_risk,4199,4.865979859316514,4286,2.0491296223028463,2013,2010,False,1.0207192188616336,False,False,0,True
way,-0.6630197756810373,lower_risk,2404,2.7858574855434393,2412,1.3555101996166639,2010,2013,False,1.0033277870216306,False,False,0,True
moved,-0.6584878403494884,lower_risk,624,0.7231177499913087,627,2.2569222836770053,2007-2009,2013,True,1.0048076923076923,False,False,1,False
mortgage,-0.6544648894417769,lower_risk,2133,2.4718111550183677,2172,2.613116031340448,2010,2013,False,1.018284106891702,False,False,0,True
great credit,-0.6517474254324597,lower_risk,466,0.5400206273973556,470,3.9306114004728574,2010,2013,True,1.0085836909871244,False,False,1,False
balance,-0.6509221970019433,lower_risk,3233,3.7465379578876616,3260,1.7538829348563767,2007-2009,2013,False,1.0083513764305598,False,False,0,True
refinance,-0.6331980929564248,lower_risk,3124,3.6202241201487952,3572,2.498193764511061,2013,2010,False,1.1434058898847632,False,False,0,True
missed,-0.6331735983152025,lower_risk,2059,2.3860568064617063,2072,2.2144514184260666,2011,2013,False,1.0063137445361827,False,False,0,True
half,-0.6171518494430677,lower_risk,999,1.1576837055149316,1005,2.06021582076369,2010,2013,False,1.006006006006006,False,False,0,True
credit card,-0.5948098082529335,lower_risk,32200,37.31473004762843,47431,2.640422442659618,2013,2010,False,1.4730124223602485,False,False,0,True
purchase,-0.5938029988961832,lower_risk,5285,6.124482866512927,6919,1.6577397880950318,2007-2009,2013,False,1.3091769157994324,False,False,0,True
cc,-0.5928933853612908,lower_risk,2198,2.547135920642462,2344,2.586821737816833,2013,2007-2009,False,1.0664240218380345,False,False,0,True
thanks help,-0.5838089988309327,lower_risk,361,0.4183421598507411,361,1.5383410368139914,2011,2013,True,1.0,False,False,1,False
year,-0.578415636255112,lower_risk,5725,6.634373587660645,5772,2.6434697186664224,2007-2009,2013,False,1.0082096069868995,False,False,0,True
professional,-0.5761102533088774,lower_risk,688,0.7972836730673404,707,5.94449871275006,2007-2009,2013,True,1.0276162790697674,False,False,1,False
rates credit,-0.5727266794502884,lower_risk,357,0.4137067896584891,316,1.8831162470966936,2013,2011,True,0.8851540616246498,False,False,1,False
early,-0.5700903079847821,lower_risk,1063,1.2318496285909633,1063,2.1608521559636857,2011,2013,False,1.0,False,False,0,True
