threshold,tn,fp,fn,tp,precision,recall,f1,false_positives_per_true_positive,flagged_rate
0.1,0,18486,0,3298,0.15139551964744766,1.0,0.2629774340164261,5.605215281989084,1.0
0.15,0,18486,0,3298,0.15139551964744766,1.0,0.2629774340164261,5.605215281989084,1.0
0.2,6,18480,0,3298,0.15143723023234457,1.0,0.2630403573137661,5.603395997574287,0.9997245684906353
0.25,41,18445,3,3295,0.1515639374425023,0.9990903577926016,0.2631999360971324,5.597875569044006,0.9979801689313258
0.3,294,18192,28,3270,0.15236231478892928,0.9915100060642814,0.2641357027463651,5.563302752293578,0.9852185089974294
0.35,1132,17354,111,3187,0.15515310841731172,0.9663432383262583,0.2673769872897353,5.445246313147161,0.9429397723099523
0.4,3074,15412,333,2965,0.16134298307667191,0.899029714978775,0.27358708189158015,5.197976391231029,0.8436008079324274
0.45,6307,12179,726,2572,0.17436106026710055,0.7798665858095816,0.28500193916560473,4.735225505443235,0.6771483657730445
0.5,10054,8432,1398,1900,0.18389469608981804,0.5761067313523347,0.27879677182685253,4.437894736842106,0.47429305912596403
0.55,13760,4726,2115,1183,0.20020308004738535,0.3587022437841116,0.25697838601064404,3.9949281487743025,0.2712541314726405
0.6,16563,1923,2751,547,0.22145748987854252,0.16585809581564584,0.18966712898751734,3.5155393053016453,0.11338597135512303
