trial_id,param_n_estimators,param_max_depth,param_learning_rate,param_subsample,param_colsample_bytree,param_min_child_weight,param_reg_lambda,param_reg_alpha,param_tree_method,param_objective,param_n_jobs,param_random_state,complexity,status,error,roc_auc_mean,roc_auc_std,pr_auc_mean,pr_auc_std,brier_score_mean,brier_score_std,log_loss_mean,log_loss_std,roc_auc_fold0,roc_auc_fold1,roc_auc_fold2,roc_auc_fold3,roc_auc_fold4,runtime_seconds,stable,eligible,selected
0,300,3,0.05,0.8,0.8,5,1.0,0.0,hist,binary:logistic,1,42,2400,ok,,0.6602591500564376,0.009448957517380653,0.26887304944830037,0.013175991913084809,0.13045901361645723,0.0024054055040649753,0.42325111163938445,0.005748523302797872,0.6675590478177226,0.6716952522155204,0.6506528253610682,0.6601159237867084,0.6512727011011683,4.76,True,True,False
1,200,2,0.05,0.8,0.8,5,1.0,0.0,hist,binary:logistic,1,42,800,ok,,0.6629676267622567,0.011961329866346224,0.2718197799172968,0.0158334037404564,0.13020956391039223,0.0024111652673932627,0.42237064886854947,0.005554350452536412,0.6703183308995665,0.6795384225058423,0.650289178936927,0.6604864332626151,0.6542057682063329,2.9,True,True,True
2,400,2,0.05,0.8,0.8,5,1.0,0.0,hist,binary:logistic,1,42,1600,ok,,0.6625563582462782,0.010735278279618456,0.2712448966584264,0.014140061473241672,0.13021800105689013,0.0023579656006055363,0.4224100057329997,0.005527990552354814,0.6706866554249821,0.6761539437353943,0.6514068430710327,0.6611224382762149,0.6534119107237674,5.41,True,True,False
3,800,2,0.03,0.8,0.8,5,1.0,0.0,hist,binary:logistic,1,42,3200,ok,,0.6617512482017649,0.01080505900573748,0.27049434614757495,0.014358039376208508,0.13030159137366626,0.002356468505814968,0.42269206048271996,0.005578553575193162,0.671132194098695,0.674246445553994,0.6499650766170642,0.6607712035104866,0.6526413212285844,8.21,True,True,False
4,200,3,0.1,0.8,0.8,5,1.0,0.0,hist,binary:logistic,1,42,1600,ok,,0.6574643337233745,0.009763409970048641,0.2676917284540802,0.012222165336276191,0.13062116206381455,0.0024359667922071266,0.42401635141954763,0.006018466899912559,0.6664133665948127,0.6681544828734473,0.6454714613241278,0.6562746371883238,0.6510077206361612,2.58,True,False,False
5,400,3,0.03,0.8,0.8,5,1.0,0.0,hist,binary:logistic,1,42,3200,ok,,0.6617659710010526,0.010485468098617397,0.2704978295918739,0.013918829391648712,0.13027661324552514,0.0024104673948073703,0.4226221388709779,0.005702255085821865,0.6699538453515055,0.6746102646335349,0.6501620004623618,0.6608377284506324,0.6532660161072282,4.22,True,True,False
6,800,3,0.03,0.8,0.8,5,5.0,0.0,hist,binary:logistic,1,42,6400,ok,,0.6587010817253823,0.009186159982458454,0.2670800636976685,0.012428099153672385,0.13058927108899868,0.0024878580843710123,0.42379826201321097,0.006128747113142102,0.6658773584358991,0.6689782541044857,0.6485192543575286,0.6600809997036892,0.6500495420253092,7.83,True,True,False
7,300,3,0.05,0.7,0.7,5,1.0,0.0,hist,binary:logistic,1,42,2400,ok,,0.6598556073617188,0.0093643589879209,0.2688842402930073,0.013608709702577295,0.13043132044555317,0.0023991286712590114,0.42322295358379947,0.00582734279100429,0.6684857624643628,0.6695035172811584,0.6486911915435295,0.6603765855412846,0.6522209799782581,2.99,True,True,False
8,300,3,0.05,0.9,0.9,5,1.0,0.0,hist,binary:logistic,1,42,2400,ok,,0.6596396719289717,0.01021712959368497,0.2675554486293152,0.013004974463384975,0.13050340594099602,0.00245376925757146,0.42335167223601794,0.0059176064316694525,0.666733450385926,0.6723863201647542,0.6481671235241937,0.6598220901954926,0.6510893753744917,3.16,True,True,False
9,300,3,0.05,0.8,0.8,1,1.0,0.0,hist,binary:logistic,1,42,2400,ok,,0.660055490513531,0.009689536309232472,0.2694946966343138,0.012902254561773572,0.13041884425929864,0.0024142285238271514,0.42315860110876224,0.005741374822434428,0.6672681547412095,0.6719483696029208,0.6494836669812813,0.659906258444015,0.6516710027982284,3.13,True,True,False
10,300,3,0.05,0.8,0.8,20,1.0,0.0,hist,binary:logistic,1,42,2400,ok,,0.6602295496324208,0.010223485990198462,0.269041782246607,0.013809591032160158,0.13041114487630415,0.0024135631103514178,0.4231487495692621,0.005838801107225337,0.6672621427578054,0.6729065289221798,0.6488503094869348,0.6607404485654056,0.651388318429778,3.27,True,True,False
11,300,3,0.05,0.8,0.8,5,5.0,0.0,hist,binary:logistic,1,42,2400,ok,,0.6606134991571643,0.009856029845313596,0.2698677714751745,0.0132217045945148,0.13036536521714231,0.0023970826193225585,0.42300106298744267,0.005740022326538758,0.6689039936953851,0.6717133886610546,0.6501518609484443,0.661013194777774,0.6512850577031634,3.09,True,True,False
12,200,4,0.05,0.8,0.8,5,1.0,0.0,hist,binary:logistic,1,42,3200,ok,,0.6585401921683177,0.00968530156007231,0.26687354398005997,0.012796563847331667,0.13057549679981,0.002442198046039424,0.42369156723513096,0.005934254949568218,0.6659083599888742,0.6699364134237447,0.6475132697267141,0.6591172037724777,0.650225713929778,2.77,True,True,False
13,400,4,0.03,0.8,0.8,20,5.0,0.0,hist,binary:logistic,1,42,6400,ok,,0.6597003655524178,0.010707095537643867,0.267857366992103,0.01410533326655601,0.13046785579056103,0.002456229323471579,0.4233275250968254,0.0059930752740025624,0.6670159411723802,0.6729055378595824,0.6480182899449047,0.6605318104016246,0.6500302483835975,4.82,True,True,False
14,400,4,0.05,0.7,0.7,20,5.0,0.0,hist,binary:logistic,1,42,6400,ok,,0.6568547888202569,0.010139087278766145,0.2647675615716253,0.014510328113735255,0.13082481393212345,0.002462686811932183,0.424635232434676,0.006313983924777939,0.6625524418793316,0.6694430624627112,0.6452302857430902,0.6591347866585653,0.6479133673575863,4.85,True,False,False
15,200,5,0.03,0.8,0.8,20,5.0,0.0,hist,binary:logistic,1,42,6400,ok,,0.6600757195200866,0.011454180627694214,0.268309202773681,0.014397113228473563,0.1304140164989695,0.002448707412927053,0.4230629821876712,0.005833270829119578,0.6683039542915421,0.674255166904852,0.6475250025928185,0.6601438388842081,0.6501506349270123,3.52,True,True,False
16,400,5,0.03,0.7,0.7,20,5.0,0.0,hist,binary:logistic,1,42,12800,ok,,0.6571518667418502,0.010567538070172914,0.2660873595089831,0.014222076765260444,0.13071869178165935,0.002449663259102354,0.4242509327684589,0.006185304028523907,0.6642037091764595,0.6692493097249009,0.6451159265111207,0.6599375571896965,0.6472528311070734,6.48,True,False,False
17,800,4,0.03,0.8,0.8,20,5.0,0.0,hist,binary:logistic,1,42,12800,ok,,0.6551646425211848,0.008996156046281045,0.263577727888718,0.01337944367108098,0.13097431671171936,0.002498865283328119,0.4252354065734675,0.0064584599472208995,0.6607989708643348,0.6655262839711482,0.6451266454258335,0.6579347395775176,0.6464365727670898,10.51,True,False,False
18,200,5,0.1,0.9,0.9,1,1.0,0.0,hist,binary:logistic,1,42,6400,ok,,0.64779361480027,0.009208902013742535,0.25748824792255776,0.01306433119380099,0.131963591681382,0.002818248523691625,0.42900437968936006,0.008112068292769043,0.6472796137264446,0.6579480247131368,0.6419566712497269,0.6557543408580835,0.6360294234539579,2.86,True,False,False
19,800,5,0.05,0.9,0.9,1,1.0,0.0,hist,binary:logistic,1,42,25600,ok,,0.6367627447833811,0.007208014432460675,0.24818664497352544,0.00827415478907648,0.13357828495071117,0.0034091190622960563,0.4355003365792629,0.011019668584193862,0.629566861947477,0.6452176274357841,0.631299535146742,0.643653992003956,0.6340757073829468,11.26,True,False,False
